r2_score,rmse,mae,mse,explained_variance,mean_absolute_percentage_error,correlation
-39.18095779418945,24.3076769597526,9.949949264526367,590.8631591796875,-35.03245162963867,3424.9038696289062,-0.15164644632149946
