r2_score,rmse,mae,mse,explained_variance,mean_absolute_percentage_error,correlation
0.8251063227653503,1.6036897999145519,1.019970178604126,2.5718209743499756,0.8262343853712082,446.44603729248047,0.9237792901685304
