{
  "best_r2": 0.9418466091156006,
  "best_config": {
    "learning_rate": 0.0005,
    "weight_decay": 0.0001,
    "dropout_rate": 0.3,
    "batch_size": 64,
    "hidden_dims": [
      512,
      256,
      128
    ],
    "num_heads": 8,
    "early_stopping_patience": 50,
    "scheduler_type": "cosine",
    "loss_weights": [
      0.7,
      0.2,
      0.1
    ]
  },
  "best_model_path": "outputs/hyperparam_search3/trial_9/best_model_trial_9.pth",
  "breakthrough_achieved": true,
  "breakthrough_configs": [
    {
      "trial_num": 1,
      "config": "HyperparameterConfig(learning_rate=0.0005, weight_decay=0.0001, dropout_rate=0.3, batch_size=64, hidden_dims=[256, 128, 64], num_heads=8, early_stopping_patience=50, scheduler_type='cosine', loss_weights=(0.7, 0.2, 0.1))",
      "final_r2": 0.9410316348075867,
      "final_rmse": 0.6282603103878539,
      "final_mae": 0.39074236154556274,
      "best_val_r2": 0.9429625272750854,
      "training_time": 117.81011295318604,
      "epochs_trained": 100,
      "final_train_loss": 0.4519670616948243,
      "final_val_loss": 0.42259472608566284,
      "final_uncertainty": 1.995154525502585e-05,
      "prediction_variance": 1.765015217314314e-10,
      "breakthrough_achieved": true,
      "model_path": "outputs/hyperparam_search3/trial_1/best_model_trial_1.pth"
    },
    {
      "trial_num": 2,
      "config": "HyperparameterConfig(learning_rate=0.0005, weight_decay=0.0001, dropout_rate=0.35, batch_size=64, hidden_dims=[256, 128, 64], num_heads=8, early_stopping_patience=50, scheduler_type='cosine', loss_weights=(0.7, 0.2, 0.1))",
      "final_r2": 0.9202014207839966,
      "final_rmse": 0.730849141508518,
      "final_mae": 0.41522541642189026,
      "best_val_r2": 0.9423359036445618,
      "training_time": 123.81529712677002,
      "epochs_trained": 100,
      "final_train_loss": 0.48117301003499463,
      "final_val_loss": 0.3859809637069702,
      "final_uncertainty": 2.114034941769205e-05,
      "prediction_variance": 4.6058820646344145e-10,
      "breakthrough_achieved": true,
      "model_path": "outputs/hyperparam_search3/trial_2/best_model_trial_2.pth"
    },
    {
      "trial_num": 3,
      "config": "HyperparameterConfig(learning_rate=0.0005, weight_decay=0.0003, dropout_rate=0.3, batch_size=64, hidden_dims=[256, 128, 64], num_heads=8, early_stopping_patience=50, scheduler_type='cosine', loss_weights=(0.7, 0.2, 0.1))",
      "final_r2": 0.93458092212677,
      "final_rmse": 0.6617324116094878,
      "final_mae": 0.39272257685661316,
      "best_val_r2": 0.9428235292434692,
      "training_time": 122.98179984092712,
      "epochs_trained": 100,
      "final_train_loss": 0.48805407005729096,
      "final_val_loss": 0.40774503350257874,
      "final_uncertainty": 1.5551402611890808e-05,
      "prediction_variance": 1.0132209654623026e-10,
      "breakthrough_achieved": true,
      "model_path": "outputs/hyperparam_search3/trial_3/best_model_trial_3.pth"
    },
    {
      "trial_num": 4,
      "config": "HyperparameterConfig(learning_rate=0.0005, weight_decay=0.0003, dropout_rate=0.35, batch_size=64, hidden_dims=[256, 128, 64], num_heads=8, early_stopping_patience=50, scheduler_type='cosine', loss_weights=(0.7, 0.2, 0.1))",
      "final_r2": 0.9320394396781921,
      "final_rmse": 0.6744637407775129,
      "final_mae": 0.3979860544204712,
      "best_val_r2": 0.9426271915435791,
      "training_time": 122.67700147628784,
      "epochs_trained": 100,
      "final_train_loss": 0.5150037161780127,
      "final_val_loss": 0.47520893812179565,
      "final_uncertainty": 1.5118186638574116e-05,
      "prediction_variance": 3.642986745600041e-10,
      "breakthrough_achieved": true,
      "model_path": "outputs/hyperparam_search3/trial_4/best_model_trial_4.pth"
    },
    {
      "trial_num": 5,
      "config": "HyperparameterConfig(learning_rate=0.0005, weight_decay=0.0001, dropout_rate=0.3, batch_size=64, hidden_dims=[384, 192, 96], num_heads=8, early_stopping_patience=50, scheduler_type='cosine', loss_weights=(0.7, 0.2, 0.1))",
      "final_r2": 0.9346107244491577,
      "final_rmse": 0.6615814760177815,
      "final_mae": 0.40103331208229065,
      "best_val_r2": 0.9404887557029724,
      "training_time": 171.53507447242737,
      "epochs_trained": 100,
      "final_train_loss": 0.41395388927423593,
      "final_val_loss": 0.45019713044166565,
      "final_uncertainty": 2.0052049876539968e-05,
      "prediction_variance": 1.044885178380639e-09,
      "breakthrough_achieved": true,
      "model_path": "outputs/hyperparam_search3/trial_5/best_model_trial_5.pth"
    },
    {
      "trial_num": 6,
      "config": "HyperparameterConfig(learning_rate=0.0005, weight_decay=0.0001, dropout_rate=0.35, batch_size=64, hidden_dims=[384, 192, 96], num_heads=8, early_stopping_patience=50, scheduler_type='cosine', loss_weights=(0.7, 0.2, 0.1))",
      "final_r2": 0.9285762906074524,
      "final_rmse": 0.6914348488620392,
      "final_mae": 0.4139957129955292,
      "best_val_r2": 0.9420978426933289,
      "training_time": 169.97831797599792,
      "epochs_trained": 100,
      "final_train_loss": 0.4520110575990243,
      "final_val_loss": 0.4684467911720276,
      "final_uncertainty": 2.2490701667265967e-05,
      "prediction_variance": 8.637378035025733e-10,
      "breakthrough_achieved": true,
      "model_path": "outputs/hyperparam_search3/trial_6/best_model_trial_6.pth"
    },
    {
      "trial_num": 7,
      "config": "HyperparameterConfig(learning_rate=0.0005, weight_decay=0.0003, dropout_rate=0.3, batch_size=64, hidden_dims=[384, 192, 96], num_heads=8, early_stopping_patience=50, scheduler_type='cosine', loss_weights=(0.7, 0.2, 0.1))",
      "final_r2": 0.9217031002044678,
      "final_rmse": 0.7239397764686374,
      "final_mae": 0.4168456196784973,
      "best_val_r2": 0.9420125484466553,
      "training_time": 166.89844584465027,
      "epochs_trained": 100,
      "final_train_loss": 0.41598079872853827,
      "final_val_loss": 0.836466372013092,
      "final_uncertainty": 4.089887170266593e-06,
      "prediction_variance": 1.074714553461753e-10,
      "breakthrough_achieved": true,
      "model_path": "outputs/hyperparam_search3/trial_7/best_model_trial_7.pth"
    },
    {
      "trial_num": 8,
      "config": "HyperparameterConfig(learning_rate=0.0005, weight_decay=0.0003, dropout_rate=0.35, batch_size=64, hidden_dims=[384, 192, 96], num_heads=8, early_stopping_patience=50, scheduler_type='cosine', loss_weights=(0.7, 0.2, 0.1))",
      "final_r2": 0.9327355623245239,
      "final_rmse": 0.6710004659528863,
      "final_mae": 0.39370784163475037,
      "best_val_r2": 0.9420954585075378,
      "training_time": 169.76010704040527,
      "epochs_trained": 100,
      "final_train_loss": 0.4606854759834029,
      "final_val_loss": 0.39727869629859924,
      "final_uncertainty": 2.7820704417536035e-05,
      "prediction_variance": 6.76798339593887e-10,
      "breakthrough_achieved": true,
      "model_path": "outputs/hyperparam_search3/trial_8/best_model_trial_8.pth"
    },
    {
      "trial_num": 9,
      "config": "HyperparameterConfig(learning_rate=0.0005, weight_decay=0.0001, dropout_rate=0.3, batch_size=64, hidden_dims=[512, 256, 128], num_heads=8, early_stopping_patience=50, scheduler_type='cosine', loss_weights=(0.7, 0.2, 0.1))",
      "final_r2": 0.9418466091156006,
      "final_rmse": 0.6239039108114053,
      "final_mae": 0.37432363629341125,
      "best_val_r2": 0.9447084069252014,
      "training_time": 240.9370813369751,
      "epochs_trained": 100,
      "final_train_loss": 0.3929596081601851,
      "final_val_loss": 0.3759646415710449,
      "final_uncertainty": 2.5663995984359644e-05,
      "prediction_variance": 6.313896072640546e-10,
      "breakthrough_achieved": true,
      "model_path": "outputs/hyperparam_search3/trial_9/best_model_trial_9.pth"
    },
    {
      "trial_num": 10,