{
  "best_val_r2": 0.6473526954650879,
  "final_epoch": 325,
  "training_time": 163.56130146980286,
  "train_losses": [
    2.8216731548309326,
    2.3771142959594727,
    2.1057441234588623,
    1.9201565980911255,
    1.7697559595108032,
    1.6350336074829102,
    1.523624062538147,
    1.4298877716064453,
    1.353917121887207,
    1.2988773584365845,
    1.2492499351501465,
    1.1992251873016357,
    1.1467500925064087,
    1.1016229391098022,
    1.0740227699279785,
    1.0348857641220093,
    1.0092233419418335,
    0.9934347867965698,
    0.9619078636169434,
    0.9388381838798523,
    0.9187300205230713,
    0.8993099331855774,
    0.8763467073440552,
    0.8574573993682861,
    0.8420742750167847,
    0.8279317617416382,
    0.8174511194229126,
    0.8074169158935547,
    0.7919826507568359,
    0.793385922908783,
    0.7830398678779602,
    0.7676781415939331,
    0.7652277946472168,
    0.7592043876647949,
    0.7493545413017273,
    0.7468057870864868,
    0.734866738319397,
    0.7398812770843506,
    0.7335710525512695,
    0.7341768145561218,
    0.7327104806900024,
    0.7317463159561157,
    0.7264961004257202,
    0.7266551852226257,
    0.7280924320220947,
    0.7251477241516113,
    0.720772922039032,
    0.7209793329238892,
    0.7252141237258911,
    0.7251846790313721,
    0.7176182866096497,
    0.7028945088386536,
    0.6931813955307007,
    0.6701540350914001,
    0.6542268991470337,
    0.651313304901123,
    0.6442404985427856,
    0.6298727989196777,
    0.6220089197158813,
    0.6188821196556091,
    0.6164126992225647,
    0.6086036562919617,
    0.6070773005485535,
    0.5963926315307617,
    0.595881462097168,
    0.586796760559082,
    0.5843127369880676,
    0.5745398998260498,
    0.56458979845047,
    0.5688492059707642,
    0.565398097038269,
    0.558096170425415,
    0.557452380657196,
    0.5503302812576294,
    0.5513718724250793,
    0.542942464351654,
    0.5429226756095886,
    0.5390124917030334,
    0.5312603116035461,
    0.5267412662506104,
    0.5346338748931885,
    0.5310384631156921,
    0.5209870338439941,
    0.5207965970039368,
    0.5167485475540161,
    0.507807731628418,
    0.5138989686965942,
    0.5059370994567871,
    0.5060967206954956,
    0.5066249966621399,
    0.5060087442398071,
    0.4977027475833893,
    0.5027061104774475,
    0.5001361966133118,
    0.4924672245979309,
    0.4960259795188904,
    0.49484336376190186,
    0.48679617047309875,
    0.48512884974479675,
    0.4906105697154999,
    0.4847100079059601,
    0.48772570490837097,
    0.4850722849369049,
    0.48497694730758667,
    0.48348432779312134,
    0.48416000604629517,
    0.4804909825325012,
    0.47783902287483215,
    0.4845901429653168,
    0.47120606899261475,
    0.48089292645454407,
    0.47080522775650024,
    0.475342333316803,
    0.4768894910812378,
    0.4757629334926605,
    0.47254109382629395,
    0.48040932416915894,
    0.4705195128917694,
    0.4760831892490387,
    0.47201597690582275,
    0.46705713868141174,
    0.46826305985450745,
    0.4664935767650604,
    0.46849459409713745,
    0.46942731738090515,
    0.46583640575408936,
    0.47144845128059387,
    0.4689176380634308,
    0.4710291624069214,
    0.4708937704563141,
    0.47110071778297424,
    0.46688830852508545,
    0.46987178921699524,
    0.4692073166370392,
    0.4698885381221771,
    0.46221473813056946,
    0.4647471010684967,
    0.46813055872917175,
    0.46319320797920227,
    0.46194231510162354,
    0.4649691581726074,
    0.4660228490829468,
    0.46711769700050354,
    0.4645179212093353,
    0.46510928869247437,
    0.46510979533195496,
    0.4657958745956421,
    0.4625159502029419,
    0.4626954197883606,
    0.46018317341804504,
    0.45980796217918396,
    0.4673175811767578,
    0.4657154381275177,
    0.4666934013366699,
    0.4580893814563751,
    0.4627498984336853,
    0.45754730701446533,
    0.4772942364215851,
    0.45974117517471313,
    0.4569562077522278,
    0.4598179757595062,
    0.4553240239620209,
    0.4456969201564789,
    0.45849546790122986,
    0.4496721029281616,
    0.4485662579536438,
    0.4474664330482483,
    0.4512039124965668,
    0.45476219058036804,
    0.44808125495910645,
    0.44168856739997864,
    0.44764000177383423,
    0.44805005192756653,
    0.43616706132888794,
    0.43808382749557495,
    0.43526431918144226,
    0.43859514594078064,
    0.43355146050453186,
    0.44416388869285583,
    0.4427623450756073,
    0.4383505880832672,
    0.4367189109325409,
    0.4327121078968048,
    0.43864479660987854,
    0.4322023391723633,
    0.4298844337463379,
    0.4337104260921478,
    0.43621009588241577,
    0.42694610357284546,
    0.4426348805427551,
    0.42768049240112305,
    0.43378135561943054,
    0.44220098853111267,
    0.4358355402946472,
    0.4333995580673218,
    0.43108493089675903,
    0.4294106066226959,
    0.4333997964859009,
    0.4347487688064575,
    0.4200814664363861,
    0.4273177981376648,
    0.4217197000980377,
    0.4260728657245636,
    0.4177282750606537,
    0.42738282680511475,
    0.4232926070690155,
    0.4252732992172241,
    0.41918396949768066,
    0.42216238379478455,
    0.4200747609138489,
    0.4217515289783478,
    0.41701221466064453,
    0.4259614646434784,
    0.42720288038253784,
    0.4196530878543854,
    0.4175872802734375,
    0.41775640845298767,
    0.4170389771461487,
    0.41447824239730835,
    0.40993732213974,
    0.4158798158168793,
    0.41826653480529785,
    0.4149823486804962,
    0.4054110050201416,
    0.41523104906082153,
    0.41015714406967163,
    0.41178393363952637,
    0.4080803096294403,
    0.4148663878440857,
    0.4079568386077881,
    0.4103175401687622,
    0.4092003405094147,
    0.41126590967178345,
    0.412572979927063,
    0.40650448203086853,
    0.41244393587112427,
    0.4105461537837982,
    0.40307581424713135,
    0.40551307797431946,
    0.4046001434326172,
    0.4045111835002899,
    0.40309739112854004,
    0.40117695927619934,
    0.4063590466976166,
    0.40765267610549927,
    0.4055926501750946,
    0.4068983793258667,
    0.40676525235176086,
    0.4135679006576538,
    0.40636950731277466,
    0.4037000834941864,
    0.40341877937316895,
    0.4160407483577728,
    0.40749165415763855,
    0.3985072374343872,
    0.39525383710861206,
    0.4021904766559601,
    0.4016818106174469,
    0.4015991985797882,
    0.4039945602416992,
    0.3991125822067261,
    0.40270358324050903,
    0.4019310176372528,
    0.39746546745300293,
    0.3971332311630249,
    0.39787039160728455,
    0.3977762758731842,
    0.4040278196334839,
    0.40232524275779724,
    0.39783498644828796,
    0.39517202973365784,
    0.4001741409301758,
    0.3972007632255554,
    0.39721378684043884,
    0.39901429414749146,
    0.40006282925605774,
    0.4076157510280609,
    0.39458367228507996,
    0.4053160548210144,
    0.39681193232536316,
    0.3944694995880127,
    0.3930872976779938,
    0.3919537365436554,
    0.3989744186401367,
    0.3934648931026459,
    0.3942887485027313,
    0.39667007327079773,
    0.3937247097492218,
    0.39570730924606323,
    0.39474615454673767,
    0.39572012424468994,
    0.3938409686088562,
    0.3917887210845947,
    0.3916368782520294,
    0.3932211101055145,
    0.39407879114151,
    0.39257338643074036,
    0.40021538734436035,
    0.39626044034957886,
    0.3936985433101654,
    0.3945010304450989,
    0.3962917923927307,
    0.39534443616867065,
    0.39747124910354614,
    0.3880910277366638,
    0.3955531716346741,
    0.3974888324737549,
    0.3944954574108124,
    0.3864540755748749,
    0.3960866332054138,
    0.3926476240158081,
    0.39703646302223206,
    0.3925665318965912,
    0.39388853311538696,
    0.3938886523246765,
    0.3939180374145508,
    0.392995148897171,
    0.3954208791255951,
    0.3956965208053589,
    0.39662280678749084,
    0.39361146092414856,
    0.3874759376049042,
    0.39282503724098206,
    0.3944053649902344,
