{
  "avg_statistical_pvalue": 0.5332086396176254,
  "range_coverage": 1.0,
  "correlation_preservation": 0.9768670249958593,
  "diversity_score": 1.0,
  "overall_quality": 0.2138339992211149,
  "num_features_tested": 21,
  "distribution_details": {
    "target": {
      "p_value": 0.010169872647293646,
      "effect_size": 0.04685580660169997,
      "score": 0.5
    },
    "comp_ALC-0315": {
      "p_value": 0.8211052494371813,
      "effect_size": 6970296890.666667,
      "score": 0.8211052494371813
    },
    "comp_ALC-0159": {
      "p_value": 9.484368912658899e-05,
      "effect_size": 0.08288980412699146,
      "score": 0.5
    },
    "comp_DSPC": {
      "p_value": 0.854255821045034,
      "effect_size": Infinity,
      "score": 0.854255821045034
    },
    "comp_Cholesterol": {
      "p_value": 0.001171285405766274,
      "effect_size": 0.16412005193017276,
      "score": 0.5
    },
    "comp_CPSM-6": {
      "p_value": 0.0006439328917398834,
      "effect_size": 0.048540373541209034,
      "score": 0.5
    },
    "comp_CPSM-15": {
      "p_value": 0.00043259824978234045,
      "effect_size": 0.020819972610303706,
      "score": 0.5
    },
    "comp_CPSM-DL-15": {
      "p_value": 0.0005537289236830609,
      "effect_size": 0.031504734035327844,
      "score": 0.5
    },
    "comp_CM": {
      "p_value": 1.0824993674045863e-06,
      "effect_size": 0.1390593682696231,
      "score": 0.5
    },
    "comp_CMO": {
      "p_value": 2.680801566804073e-05,
      "effect_size": 0.08931993247317838,
      "score": 0.5
    },
    "comp_DMG-C-PEG": {
      "p_value": 0.00023266245974034298,
      "effect_size": 0.05715667860206993,
      "score": 0.5
    },
    "comp_DMG-PEG": {
      "p_value": 0.0006712111250962467,
      "effect_size": 3.425599253799992e-05,
      "score": 0.5
    },
    "comp_DSG-PEG": {
      "p_value": 0.00029781027788593683,
      "effect_size": 0.0292942826948067,
      "score": 0.5
    },
    "comp_C8-Ceramide-PEG": {
      "p_value": 0.00031240341878717816,
      "effect_size": 0.05378289623992419,
      "score": 0.5
    },
    "comp_C16-Ceramide-PEG": {
      "p_value": 0.0002850692839325048,
      "effect_size": 0.03571333329748251,
      "score": 0.5
    },
    "comp_DMPE-PEG": {
      "p_value": 0.00017111920242188336,
      "effect_size": 0.04561340602719052,
      "score": 0.5
    },
    "comp_DSPE-PEG": {
      "p_value": 0.0006811455579527588,
      "effect_size": 0.025808839727667957,
      "score": 0.5
    },
    "prop_size": {
      "p_value": 0.5220203614879197,
      "effect_size": 0.052676970870359455,
      "score": 0.5220203614879197
    },
    "prop_polydispersity_index": {
      "p_value": 0.2915843783460137,
      "effect_size": 0.01173909415037923,
      "score": 0.5
    },
    "prop_zeta_potential": {
      "p_value": 0.02587438981394863,
      "effect_size": 0.22314498517565168,
      "score": 0.5
    },
    "prop_encapsulation_efficiency_": {
      "p_value": 0.1167305968447547,
      "effect_size": 0.01803053404094113,
      "score": 0.5
    }
  }
}