{
  "best_val_r2": 0.9254391193389893,
  "final_epoch": 195,
  "training_time": 101.27242040634155,
  "train_losses": [
    7.191468715667725,
    6.785345077514648,
    6.436691761016846,
    6.125187397003174,
    5.8439764976501465,
    5.5710649490356445,
    5.337942600250244,
    5.117553234100342,
    4.928377628326416,
    4.759413719177246,
    4.598370552062988,
    4.448800563812256,
    4.298829555511475,
    4.160099506378174,
    4.017708778381348,
    3.909954786300659,
    3.8002700805664062,
    3.722585439682007,
    3.6202340126037598,
    3.5364222526550293,
    3.4648196697235107,
    3.3940868377685547,
    3.323086977005005,
    3.2628865242004395,
    3.2342348098754883,
    3.1558310985565186,
    3.1122913360595703,
    3.0714006423950195,
    3.0415945053100586,
    2.982060432434082,
    2.975755214691162,
    2.9334893226623535,
    2.887265682220459,
    2.880075693130493,
    2.8323476314544678,
    2.8218352794647217,
    2.8144328594207764,
    2.814053773880005,
    2.7817461490631104,
    2.743675708770752,
    2.76112699508667,
    2.728210210800171,
    2.7420718669891357,
    2.7152953147888184,
    2.685398578643799,
    2.69974946975708,
    2.6936395168304443,
    2.7234623432159424,
    2.6926281452178955,
    2.7001967430114746,
    2.707181453704834,
    2.6071670055389404,
    2.5033154487609863,
    2.4405932426452637,
    2.361943483352661,
    2.298480987548828,
    2.2069661617279053,
    2.152017116546631,
    2.0665652751922607,
    2.029355764389038,
    1.952065110206604,
    1.8819159269332886,
    1.820249319076538,
    1.733549952507019,
    1.7299853563308716,
    1.6491998434066772,
    1.5978232622146606,
    1.5597782135009766,
    1.5140022039413452,
    1.4776124954223633,
    1.4729667901992798,
    1.3790844678878784,
    1.35206937789917,
    1.3117276430130005,
    1.2676490545272827,
    1.2452970743179321,
    1.1840484142303467,
    1.1642550230026245,
    1.1407792568206787,
    1.0922313928604126,
    1.0779430866241455,
    1.0355243682861328,
    0.990928053855896,
    1.0009278059005737,
    0.9760218858718872,
    0.9267884492874146,
    0.9386036992073059,
    0.9092605113983154,
    0.9061006307601929,
    0.8620249629020691,
    0.8623456954956055,
    0.8342915177345276,
    0.8349258899688721,
    0.8345098495483398,
    0.8088318109512329,
    0.8188835978507996,
    0.7687863707542419,
    0.7513167858123779,
    0.7633256912231445,
    0.735497772693634,
    0.7184279561042786,
    0.7233101725578308,
    0.6968541741371155,
    0.711885929107666,
    0.6931045055389404,
    0.6852561831474304,
    0.6906384825706482,
    0.683681845664978,
    0.6755437254905701,
    0.6701293587684631,
    0.6744435429573059,
    0.654011070728302,
    0.6664702892303467,
    0.6609968543052673,
    0.6580507159233093,
    0.6306559443473816,
    0.6305521130561829,
    0.6060375571250916,
    0.6085864901542664,
    0.6104997992515564,
    0.6277555227279663,
    0.5971900820732117,
    0.590670645236969,
    0.6060279011726379,
    0.6068745255470276,
    0.5856381058692932,
    0.5982456803321838,
    0.5936926007270813,
    0.5885447263717651,
    0.5790164470672607,
    0.5848339200019836,
    0.587513267993927,
    0.5880938768386841,
    0.5879043340682983,
    0.5996259450912476,
    0.5925366878509521,
    0.5892514586448669,
    0.5826209187507629,
    0.5751640796661377,
    0.5798189043998718,
    0.5847111344337463,
    0.5833789110183716,
    0.5904959440231323,
    0.5842163562774658,
    0.5640425086021423,
    0.5815199017524719,
    0.5651972889900208,
    0.5790615081787109,
    0.5711643695831299,
    0.558548629283905,
    0.583371102809906,
    0.5904319882392883,
    0.6361210942268372,
    0.621234118938446,
    0.5798754692077637,
    0.5502698421478271,
    0.5496708750724792,
    0.5432562828063965,
    0.5208731293678284,
    0.5162785649299622,
    0.510441780090332,
    0.5031741261482239,
    0.47529420256614685,
    0.4726298749446869,
    0.4784345030784607,
    0.4668552577495575,
    0.46309003233909607,
    0.46141836047172546,
    0.45584791898727417,
    0.43567922711372375,
    0.4248698353767395,
    0.41104257106781006,
    0.4393536150455475,
    0.41420286893844604,
    0.42816439270973206,
    0.4057205319404602,
    0.4035530388355255,
    0.40392714738845825,
    0.40069061517715454,
    0.3966480791568756,
    0.38580700755119324,
    0.3833529055118561,
    0.38933879137039185,
    0.39004531502723694,
    0.3870069980621338,
    0.37107571959495544,
    0.3748873770236969,
    0.357936292886734,
    0.35023635625839233,
    0.3638092279434204,
    0.3552841246128082,
    0.3576243221759796,
    0.35911333560943604,
    0.32263854146003723,
    0.3525238633155823,
    0.3440016210079193
  ],
  "val_losses": [
    11.349764823913574,
    12.115620613098145,
    11.454317092895508,
    10.803028106689453,
    9.973124504089355,
    8.35898494720459,
    6.435813903808594,
    5.260399341583252,
    4.562073707580566,
    4.16868782043457,
    4.511455059051514,
    7.309974670410156,
    7.668025493621826,
    7.143208026885986,
    6.513720512390137,
    5.498020648956299,
    4.193807601928711,
    3.450289249420166,
    2.985260486602783,
    2.1169393062591553,
    1.9404475688934326,
    1.878630518913269,
    1.5548429489135742,
    1.3031878471374512,
    0.8581406474113464,
    0.6360591650009155,
    0.4921052157878876,
    0.46939346194267273,
    0.421053022146225,
    0.3899836242198944,
    0.4955325424671173,
    3.4721686840057373,
    2.4167160987854004,
    1.137160062789917,
    0.41982758045196533,
    1.4432275295257568,
    1.5959886312484741,
    0.5908331274986267,
    0.4052664339542389,
    0.45719268918037415
  ],
  "val_r2_scores": [
    -1.1699590682983398,
    -1.316382884979248,
    -1.189948558807373,
    -1.0654287338256836,
    -0.9067593812942505,
    -0.5981526374816895,
    -0.2304619550704956,
    -0.005734443664550781,
    0.12777817249298096,
    0.2029896378517151,
    0.13745594024658203,
    -0.3975924253463745,
    -0.4660482406616211,
    -0.3657083511352539,
    -0.24535679817199707,
    -0.05116534233093262,
    0.1981869339942932,
    0.3403399586677551,
    0.42924875020980835,
    0.595262885093689,
    0.6290062665939331,
    0.640825092792511,
    0.7027299404144287,
    0.7508438229560852,
    0.8359322547912598,
    0.8783919811248779,
    0.9059145450592041,
    0.9102567434310913,
    0.9194989800453186,
    0.9254391193389893,
    0.9052592515945435,
    0.33615684509277344,
    0.5379486083984375,
    0.7825866341590881,
    0.9197332859039307,
    0.7240697145462036,
    0.6948633193969727,
    0.8870387673377991,
    0.9225171804428101,
    0.912589430809021
  ]
}