r2_score,rmse,mae,mse,explained_variance,mean_absolute_percentage_error,correlation
0.6740984916687012,2.189154843677337,1.1756855249404907,4.792398929595947,0.6741076111793518,133.95662307739258,0.8788935886752861
